task,thread_id,start_us,duration_ms
1,ThreadId(3),6847,6
4,ThreadId(5),7204,7
0,ThreadId(4),9615,9
9,ThreadId(2),9707,9
2,ThreadId(3),7131,7
5,ThreadId(5),6765,6
12,ThreadId(4),8341,8
10,ThreadId(2),9836,9
6,ThreadId(5),7657,7
3,ThreadId(3),9831,9
13,ThreadId(4),6895,6
7,ThreadId(5),6764,6
11,ThreadId(2),9844,9
14,ThreadId(4),6348,6
15,ThreadId(3),9843,9
8,ThreadId(5),7094,7
17,ThreadId(2),8389,8
18,ThreadId(4),8942,8
16,ThreadId(3),6836,6
19,ThreadId(5),7933,7
20,ThreadId(2),10844,9
26,ThreadId(4),16348,6
27,ThreadId(3),15843,9
25,ThreadId(5),27094,7
21,ThreadId(2),18389,8
23,ThreadId(4),22942,8
22,ThreadId(3),26836,6
24,ThreadId(5),27933,7
